City_ID,City,Lat,Lng,Max Temp,Humidity,Cloudiness,Wind Speed,Country,Date
0,punta arenas,-53.15,-70.9167,274.21,86,75,4.63,CL,Mon Jul 29 00:16:53 2024
1,pyapon,16.2833,95.6833,299.72,87,100,1.22,MM,Mon Jul 29 00:16:54 2024
2,puerto deseado,-47.7503,-65.8938,275.11,68,26,6.25,AR,Mon Jul 29 00:16:55 2024
3,hithadhoo,-0.6,73.0833,302.09,71,100,4.57,MV,Mon Jul 29 00:16:56 2024
4,grytviken,-54.2811,-36.5092,271.99,81,62,4.78,GS,Mon Jul 29 00:08:28 2024
5,leh,34.1667,77.5833,294.23,26,7,0.85,IN,Mon Jul 29 00:16:58 2024
6,kayangel,8.0823,134.7173,301.84,71,75,2.86,PW,Mon Jul 29 00:16:59 2024
7,adamstown,-25.066,-130.1015,294.18,75,100,5.27,PN,Mon Jul 29 00:08:34 2024
8,bethel,41.3712,-73.414,294.82,84,75,0.0,US,Mon Jul 29 00:13:39 2024
9,broome,42.2506,-75.833,293.4,78,61,0.58,US,Mon Jul 29 00:17:02 2024
10,blackmans bay,-43.0167,147.3167,282.44,64,6,1.25,AU,Mon Jul 29 00:17:04 2024
11,hermanus,-34.4187,19.2345,278.6,75,80,5.71,ZA,Mon Jul 29 00:17:05 2024
12,isafjordur,66.0755,-23.124,281.03,96,100,2.28,IS,Mon Jul 29 00:17:06 2024
13,zambezi,-13.5432,23.1047,283.32,25,0,2.12,ZM,Mon Jul 29 00:17:07 2024
14,trinity,28.1808,-82.6818,299.9,90,100,0.89,US,Mon Jul 29 00:17:08 2024
15,uturoa,-16.7333,-151.4333,299.65,85,3,6.73,PF,Mon Jul 29 00:17:09 2024
16,vorkuta,67.5,64.0,292.51,72,81,4.96,RU,Mon Jul 29 00:17:10 2024
17,edinburgh of the seven seas,-37.0676,-12.3116,287.18,96,76,3.92,SH,Mon Jul 29 00:08:37 2024
18,caninde de sao francisco,-9.66,-37.7894,292.85,98,15,1.39,BR,Mon Jul 29 00:17:12 2024
19,waitangi,-43.9535,-176.5597,284.72,93,98,0.89,NZ,Mon Jul 29 00:13:45 2024
20,surhuisterveen,53.1848,6.1703,287.03,95,76,1.51,NL,Mon Jul 29 00:17:14 2024
21,lebu,-37.6167,-73.65,277.68,69,7,5.49,CL,Mon Jul 29 00:17:16 2024
22,tiksi,71.6872,128.8694,276.93,88,100,4.78,RU,Mon Jul 29 00:15:18 2024
23,paoua,7.2427,16.4406,293.6,98,100,1.66,CF,Mon Jul 29 00:17:18 2024
24,west island,-12.1568,96.8225,301.14,65,20,7.2,CC,Mon Jul 29 00:17:20 2024
25,ulladulla,-35.35,150.4667,286.91,50,77,9.27,AU,Mon Jul 29 00:17:21 2024
26,bredasdorp,-34.5322,20.0403,279.89,81,72,3.57,ZA,Mon Jul 29 00:17:22 2024
27,constantia,44.1833,28.65,296.32,47,0,4.69,RO,Mon Jul 29 00:17:19 2024
28,badger,64.8,-147.5333,291.1,67,75,2.57,US,Mon Jul 29 00:17:24 2024
29,remire-montjoly,4.9167,-52.2667,298.17,88,20,1.03,GF,Mon Jul 29 00:17:25 2024
30,port-aux-francais,-49.35,70.2167,272.98,73,100,14.41,TF,Mon Jul 29 00:08:25 2024
31,iqaluit,63.7506,-68.5145,276.87,86,8,0.89,CA,Mon Jul 29 00:07:32 2024
32,sitka,57.0531,-135.33,289.09,72,40,2.57,US,Mon Jul 29 00:17:28 2024
33,atafu village,-8.5421,-172.5159,300.87,77,80,7.9,TK,Mon Jul 29 00:17:29 2024
34,linxia chengguanzhen,35.6003,103.2064,294.31,55,100,1.31,CN,Mon Jul 29 00:17:31 2024
35,berdigestyakh,62.0989,126.6992,293.23,62,100,1.52,RU,Mon Jul 29 00:17:32 2024
36,lihue,21.9789,-159.3672,298.92,75,100,6.69,US,Mon Jul 29 00:17:33 2024
37,kone,-21.0595,164.8658,295.8,59,100,0.92,NC,Mon Jul 29 00:17:34 2024
38,la palma,33.8464,-118.0467,297.35,66,0,5.66,US,Mon Jul 29 00:17:35 2024
39,la passe,45.5549,-0.8967,296.28,85,3,3.21,FR,Mon Jul 29 00:17:36 2024
40,paradip garh,20.3167,86.6167,299.51,94,99,5.21,IN,Mon Jul 29 00:17:37 2024
41,urangan,-25.3,152.9,292.87,30,0,2.82,AU,Mon Jul 29 00:17:38 2024
42,atyashevo,54.5644,46.0691,291.27,77,40,4.01,RU,Mon Jul 29 00:17:39 2024
43,iskateley,67.6803,53.1512,291.26,69,98,4.95,RU,Mon Jul 29 00:17:40 2024
44,virginia beach,36.8529,-75.978,296.19,87,20,1.54,US,Mon Jul 29 00:12:03 2024
45,puerto ayora,-0.7393,-90.3518,292.9,88,63,1.34,EC,Mon Jul 29 00:17:42 2024
46,san luis de la loma,17.2706,-100.8939,299.95,87,90,2.07,MX,Mon Jul 29 00:17:44 2024
47,utrik,11.2278,169.8474,298.6,93,85,5.61,MH,Mon Jul 29 00:17:45 2024
48,abiramam,9.4667,78.45,305.45,43,100,7.67,IN,Mon Jul 29 00:17:46 2024
49,sofifi,0.7349,127.576,303.32,64,9,1.82,ID,Mon Jul 29 00:17:47 2024
50,ramnagar,29.4,79.1167,305.48,63,32,2.15,IN,Mon Jul 29 00:17:48 2024
51,puerto natales,-51.7236,-72.4875,274.92,77,100,4.03,CL,Mon Jul 29 00:12:13 2024
52,udachny,66.4167,112.4,289.64,61,99,9.16,RU,Mon Jul 29 00:17:50 2024
53,albany,42.6001,-73.9662,294.38,89,94,0.69,US,Mon Jul 29 00:11:07 2024
54,marsh harbour,26.5412,-77.0636,301.49,73,79,1.36,BS,Mon Jul 29 00:17:53 2024
55,mugia,43.1041,-9.2179,294.35,90,42,7.02,ES,Mon Jul 29 00:17:55 2024
56,bilibino,68.0546,166.4372,282.3,86,99,2.14,RU,Mon Jul 29 00:13:48 2024
57,nagina,29.45,78.45,305.79,65,68,3.11,IN,Mon Jul 29 00:17:57 2024
58,zhangye,38.9342,100.4517,303.69,24,98,1.47,CN,Mon Jul 29 00:17:58 2024
59,carnarvon,-24.8667,113.6333,293.94,53,0,2.75,AU,Mon Jul 29 00:17:59 2024
60,yellowknife,62.456,-114.3525,291.71,80,75,5.66,CA,Mon Jul 29 00:18:00 2024
61,gorom-gorom,14.4439,-0.2361,298.16,79,99,3.21,BF,Mon Jul 29 00:18:01 2024
62,kodiak,57.79,-152.4072,284.88,100,100,1.54,US,Mon Jul 29 00:13:52 2024
63,nigde,37.8333,34.75,286.62,65,0,2.6,TR,Mon Jul 29 00:18:04 2024
64,armidale,-30.5167,151.65,280.99,38,1,5.1,AU,Mon Jul 29 00:18:05 2024
65,invercargill,-46.4,168.35,279.83,98,100,4.47,NZ,Mon Jul 29 00:13:04 2024
66,nuuk,64.1835,-51.7216,276.49,93,100,13.89,GL,Mon Jul 29 00:18:07 2024
67,naracoorte,-36.9579,140.7383,285.09,60,59,2.01,AU,Mon Jul 29 00:18:08 2024
68,flying fish cove,-10.4217,105.6791,299.97,69,75,6.69,CX,Mon Jul 29 00:18:10 2024
69,awjilah,29.1081,21.2869,299.72,43,0,2.71,LY,Mon Jul 29 00:18:11 2024
70,nemuro,43.3236,145.575,289.07,99,100,6.87,JP,Mon Jul 29 00:18:12 2024
71,luderitz,-26.6481,15.1594,283.52,67,0,7.1,NA,Mon Jul 29 00:18:13 2024
72,enewetak,11.3474,162.3373,301.03,75,86,1.66,MH,Mon Jul 29 00:18:17 2024
73,port elizabeth,-33.918,25.5701,282.77,65,0,6.69,ZA,Mon Jul 29 00:18:18 2024
74,san antonio de pale,-1.4014,5.6325,295.78,75,97,5.84,GQ,Mon Jul 29 00:18:19 2024
75,happy valley-goose bay,53.3168,-60.3315,292.46,64,52,2.59,CA,Mon Jul 29 00:15:11 2024
76,selfoss,63.9331,-20.9971,284.66,95,100,3.23,IS,Mon Jul 29 00:18:21 2024
77,debre tabor,11.85,38.0167,283.77,98,100,1.42,ET,Mon Jul 29 00:18:22 2024
78,hanceville,34.0607,-86.7675,296.85,95,41,1.47,US,Mon Jul 29 00:18:23 2024
79,anadyr,64.75,177.4833,288.43,44,0,5.0,RU,Mon Jul 29 00:14:33 2024
80,lompoc,34.6391,-120.4579,289.09,80,100,2.57,US,Mon Jul 29 00:18:25 2024
81,saipan,15.1355,145.701,304.54,74,20,4.12,MP,Mon Jul 29 00:18:26 2024
82,wauchope,-31.45,152.7333,289.8,46,70,4.22,AU,Mon Jul 29 00:18:27 2024
83,port mathurin,-19.6833,63.4167,295.32,76,52,6.09,MU,Mon Jul 29 00:18:28 2024
84,pacific grove,36.6177,-121.9166,287.79,87,100,3.6,US,Mon Jul 29 00:18:30 2024
85,stanley,54.868,-1.6985,285.21,95,100,0.51,GB,Mon Jul 29 00:18:31 2024
86,susuman,62.7833,148.1667,293.8,32,86,2.8,RU,Mon Jul 29 00:18:32 2024
87,labrador city,52.9463,-66.9114,293.25,87,0,5.36,CA,Mon Jul 29 00:18:33 2024
88,mount isa,-20.7333,139.5,295.02,28,8,4.63,AU,Mon Jul 29 00:18:34 2024
89,praia da vitoria,38.7333,-27.0667,297.46,94,75,2.43,PT,Mon Jul 29 00:18:35 2024
90,huarmey,-10.0681,-78.1522,290.01,86,2,3.58,PE,Mon Jul 29 00:18:36 2024
91,barra de santo antonio,-9.4047,-35.5072,295.75,85,14,4.39,BR,Mon Jul 29 00:18:37 2024
92,el jadid,33.2549,-8.506,293.87,90,32,1.84,MA,Mon Jul 29 00:18:38 2024
93,sinabang,2.4803,96.3801,302.62,69,100,2.25,ID,Mon Jul 29 00:18:39 2024
94,ta`u,-14.2336,-169.5144,297.87,65,68,9.65,AS,Mon Jul 29 00:18:40 2024
95,cassilandia,-19.1133,-51.7342,293.19,40,0,1.04,BR,Mon Jul 29 00:18:41 2024
96,borogontsy,62.6683,131.1683,296.87,49,100,2.58,RU,Mon Jul 29 00:18:42 2024
97,kashgar,39.4547,75.9797,305.71,23,0,1.0,CN,Mon Jul 29 00:18:43 2024
98,thompson,55.7435,-97.8558,290.24,82,40,1.03,CA,Mon Jul 29 00:18:45 2024
99,saudarkrokur,65.7461,-19.6394,283.3,91,99,1.96,IS,Mon Jul 29 00:18:46 2024
100,ujae,8.9322,165.7642,300.94,79,60,3.28,MH,Mon Jul 29 00:18:49 2024
101,vila franca do campo,37.7167,-25.4333,296.38,91,75,1.42,PT,Mon Jul 29 00:18:50 2024
102,papatowai,-46.5619,169.4708,279.02,98,100,8.46,NZ,Mon Jul 29 00:18:52 2024
103,waraseoni,21.75,80.0333,297.71,94,100,3.58,IN,Mon Jul 29 00:18:53 2024
104,avarua,-21.2078,-159.775,295.18,68,20,5.14,CK,Mon Jul 29 00:18:54 2024
105,miandrivazo,-19.5167,45.4667,291.37,65,0,0.57,MG,Mon Jul 29 00:18:55 2024
106,guerrero negro,27.9769,-114.0611,292.83,84,9,6.46,MX,Mon Jul 29 00:18:56 2024
107,margaret river,-33.95,115.0667,288.9,74,99,6.98,AU,Mon Jul 29 00:18:58 2024
108,nadym,65.5333,72.5167,293.89,75,99,4.95,RU,Mon Jul 29 00:18:59 2024
109,selty,57.3132,52.1345,286.49,85,100,2.34,RU,Mon Jul 29 00:19:00 2024
110,yuzhno-kurilsk,44.0306,145.8556,288.95,99,100,6.45,RU,Mon Jul 29 00:19:01 2024
111,yamada,39.4667,141.95,299.6,79,100,3.95,JP,Mon Jul 29 00:19:02 2024
112,seorinarayan,21.7333,82.5833,299.9,84,100,3.12,IN,Mon Jul 29 00:19:03 2024
113,mount pearl,47.5166,-52.7813,291.73,88,20,12.35,CA,Mon Jul 29 00:19:04 2024
114,ancud,-41.8697,-73.8203,275.71,86,42,3.35,CL,Mon Jul 29 00:19:07 2024
115,georgetown,5.4112,100.3354,303.12,58,20,3.6,MY,Mon Jul 29 00:18:55 2024
116,geraldton,-28.7667,114.6,291.38,94,75,3.6,AU,Mon Jul 29 00:19:09 2024
117,tongouson,5.0214,120.1328,302.05,74,29,3.83,PH,Mon Jul 29 00:19:11 2024
118,shimoda,34.6667,138.95,305.35,66,99,2.22,JP,Mon Jul 29 00:19:12 2024
119,canutama,-6.5339,-64.3831,297.39,50,8,0.85,BR,Mon Jul 29 00:19:13 2024
120,broken hill,-31.95,141.4333,285.19,35,2,2.18,AU,Mon Jul 29 00:19:14 2024
121,tongliao,43.6125,122.2653,305.01,44,1,5.06,CN,Mon Jul 29 00:19:15 2024
122,klyuchi,52.2667,79.1667,296.57,48,71,4.32,RU,Mon Jul 29 00:19:16 2024
123,aasiaat,68.7098,-52.8699,275.6,98,100,5.05,GL,Mon Jul 29 00:19:17 2024
124,tazacorte,28.629,-17.9293,295.45,91,75,5.14,ES,Mon Jul 29 00:19:18 2024
125,howard springs,-12.497,131.047,304.25,56,19,6.77,AU,Mon Jul 29 00:19:20 2024
126,blackwater,-23.5833,148.8833,293.52,16,0,4.91,AU,Mon Jul 29 00:19:21 2024
127,yangambi,0.8102,24.4336,294.99,85,79,0.81,CD,Mon Jul 29 00:19:22 2024
128,san patricio,28.017,-97.5169,302.5,83,7,6.28,US,Mon Jul 29 00:19:23 2024
129,newman,37.3138,-121.0208,300.14,46,0,3.22,US,Mon Jul 29 00:19:24 2024
130,whitehorse,60.7161,-135.0538,290.94,46,20,5.66,CA,Mon Jul 29 00:19:25 2024
131,lospalos,-8.5186,127.0025,299.35,68,59,5.75,TL,Mon Jul 29 00:19:26 2024
132,wailua homesteads,22.0669,-159.378,298.59,79,100,6.69,US,Mon Jul 29 00:16:32 2024
133,prince rupert,54.3161,-130.3201,287.2,97,100,2.06,CA,Mon Jul 29 00:19:28 2024
134,ushuaia,-54.8,-68.3,273.96,60,75,2.06,AR,Mon Jul 29 00:18:33 2024
135,reggane,26.7158,0.1714,310.34,14,16,10.29,DZ,Mon Jul 29 00:19:30 2024
136,khandyga,62.6667,135.6,295.79,39,86,3.28,RU,Mon Jul 29 00:19:31 2024
137,new norfolk,-42.7826,147.0587,283.1,44,3,0.37,AU,Mon Jul 29 00:19:32 2024
138,dudinka,69.4058,86.1778,298.6,42,66,4.61,RU,Mon Jul 29 00:19:34 2024
139,pazar,40.2765,36.2835,288.03,82,0,0.0,TR,Mon Jul 29 00:19:35 2024
140,petropavlovsk-kamchatsky,53.0452,158.6483,284.48,76,75,4.0,RU,Mon Jul 29 00:19:36 2024
141,hobyo,5.3505,48.5268,298.07,83,93,11.12,SO,Mon Jul 29 00:19:37 2024
142,ribeira grande,38.5167,-28.7,296.91,92,10,0.89,PT,Mon Jul 29 00:19:38 2024
143,kalispell,48.1958,-114.3129,294.63,41,0,2.57,US,Mon Jul 29 00:19:39 2024
144,kaitong,44.8135,123.15,303.36,54,0,4.75,CN,Mon Jul 29 00:19:40 2024
145,east london,-33.0153,27.9116,283.67,50,0,6.17,ZA,Mon Jul 29 00:19:41 2024
146,shetpe,44.1667,52.1167,295.75,53,98,1.51,KZ,Mon Jul 29 00:19:42 2024
147,ingleby greenhow,54.4498,-1.1069,287.71,81,100,1.79,GB,Mon Jul 29 00:19:43 2024
148,aurillac,44.9167,2.45,293.71,92,0,3.6,FR,Mon Jul 29 00:19:44 2024
149,saint-philippe,-21.3585,55.7679,293.92,72,5,1.82,RE,Mon Jul 29 00:19:45 2024
150,tashir,41.1207,44.2846,287.2,86,84,1.02,AM,Mon Jul 29 00:19:46 2024
151,vilyuysk,63.7553,121.6247,296.66,57,64,1.61,RU,Mon Jul 29 00:19:48 2024
152,tolanaro,-25.0319,46.9987,290.19,88,20,1.03,MG,Mon Jul 29 00:19:49 2024
153,nizhneudinsk,54.9076,99.0276,302.43,53,76,0.91,RU,Mon Jul 29 00:19:50 2024
154,longyearbyen,78.2186,15.6401,282.06,93,100,5.14,SJ,Mon Jul 29 00:19:51 2024
155,moab,38.5733,-109.5498,303.18,10,0,0.45,US,Mon Jul 29 00:19:52 2024
156,zubin potok,42.9144,20.6897,293.83,62,0,3.22,XK,Mon Jul 29 00:19:53 2024
157,seka,17.9285,103.9552,297.77,96,100,3.02,TH,Mon Jul 29 00:19:54 2024
158,cabo san lucas,22.8909,-109.9124,305.76,72,68,5.77,MX,Mon Jul 29 00:19:55 2024
159,olonkinbyen,70.9221,-8.7187,278.1,99,100,8.35,SJ,Mon Jul 29 00:19:56 2024
160,maun,-19.9833,23.4167,282.25,30,0,3.37,BW,Mon Jul 29 00:19:57 2024
161,lazaro cardenas,17.9583,-102.2,300.03,83,99,2.37,MX,Mon Jul 29 00:19:58 2024
162,eraan,9.0629,117.7016,305.6,58,43,2.32,PH,Mon Jul 29 00:19:59 2024
163,nikolayevsk-on-amure,53.1406,140.73,287.48,79,100,3.38,RU,Mon Jul 29 00:20:02 2024
164,huanren,41.2647,125.3667,303.18,68,99,2.57,CN,Mon Jul 29 00:20:03 2024
165,jamestown,42.097,-79.2353,296.32,68,0,2.57,US,Mon Jul 29 00:17:33 2024
166,byumba,-1.5763,30.0675,285.26,63,31,1.24,RW,Mon Jul 29 00:20:05 2024
167,laascaanood,8.4774,47.3597,296.5,61,94,12.45,SO,Mon Jul 29 00:20:06 2024
168,oranjemund,-28.55,16.4333,283.33,70,0,5.33,NA,Mon Jul 29 00:20:07 2024
169,burutu,5.3509,5.5076,297.33,89,100,3.76,NG,Mon Jul 29 00:20:08 2024
170,haikou,20.0458,110.3417,304.22,79,20,2.0,CN,Mon Jul 29 00:20:09 2024
171,n'zeto,-7.2312,12.8666,293.03,89,100,1.34,AO,Mon Jul 29 00:20:10 2024
172,mahanoro,-19.9,48.8,292.35,88,6,3.07,MG,Mon Jul 29 00:20:11 2024
173,sinaia,45.35,25.55,293.61,63,0,1.02,RO,Mon Jul 29 00:20:13 2024
174,masterton,-40.9597,175.6575,287.09,73,100,4.47,NZ,Mon Jul 29 00:20:14 2024
175,egilsstadir,65.2653,-14.3948,287.1,67,75,6.69,IS,Mon Jul 29 00:20:15 2024
176,polyarnyy,69.1989,33.4478,283.84,81,99,4.68,RU,Mon Jul 29 00:20:16 2024
177,cockburn town,21.4612,-71.1419,300.83,83,100,7.55,TC,Mon Jul 29 00:20:18 2024
178,st. john's,47.5649,-52.7093,292.19,88,20,12.35,CA,Mon Jul 29 00:20:08 2024
179,kavieng,-2.5744,150.7967,301.93,73,88,3.57,PG,Mon Jul 29 00:20:20 2024
180,hawaiian paradise park,19.5933,-154.9731,298.08,78,54,0.45,US,Mon Jul 29 00:20:21 2024
181,zaozersk,69.4005,32.4476,283.9,83,83,3.47,RU,Mon Jul 29 00:20:22 2024
182,lethbridge,49.7,-112.8186,292.42,34,72,4.34,CA,Mon Jul 29 00:20:23 2024
183,sumbawanga,-7.9667,31.6167,285.39,36,0,1.51,TZ,Mon Jul 29 00:20:25 2024
184,greifswald,54.1,13.3833,287.63,100,2,4.94,DE,Mon Jul 29 00:20:26 2024
185,olinda,-8.0089,-34.8553,299.0,83,75,5.14,BR,Mon Jul 29 00:20:27 2024
186,choyr,46.3611,108.3611,300.25,39,46,3.04,MN,Mon Jul 29 00:20:28 2024
187,akureyri,65.6835,-18.0878,285.11,76,75,2.06,IS,Mon Jul 29 00:20:29 2024
188,carlisle,40.2015,-77.1889,296.58,67,91,1.65,US,Mon Jul 29 00:20:30 2024
189,suya,9.4667,3.1833,294.39,97,100,3.06,NG,Mon Jul 29 00:20:31 2024
190,impfondo,1.6381,18.0667,295.41,87,54,1.74,CG,Mon Jul 29 00:20:32 2024
191,minas de marcona,-15.2119,-75.1103,282.92,92,26,4.18,PE,Mon Jul 29 00:20:33 2024
192,warrenton,-28.114,24.8475,271.82,74,0,1.44,ZA,Mon Jul 29 00:20:34 2024
193,dukhovnitskoye,52.4828,48.2137,293.51,67,65,2.51,RU,Mon Jul 29 00:20:35 2024
194,al ghayzah,16.2079,52.176,298.8,89,100,4.5,YE,Mon Jul 29 00:20:36 2024
195,ciudad lazaro cardenas,17.9583,-102.2,300.03,83,99,2.37,MX,Mon Jul 29 00:20:37 2024
196,coahuayana de hidalgo,18.7,-103.6583,299.23,89,26,0.94,MX,Mon Jul 29 00:20:40 2024
197,pisco,-13.7,-76.2167,289.18,88,100,3.09,PE,Mon Jul 29 00:20:41 2024
198,prado,-17.3411,-39.2208,296.0,79,0,2.58,BR,Mon Jul 29 00:20:42 2024
199,port alfred,-33.5906,26.891,282.14,70,63,2.24,ZA,Mon Jul 29 00:20:43 2024
200,gushu,31.5598,118.4829,310.14,51,0,2.4,CN,Mon Jul 29 00:20:44 2024
201,ditrau,46.8167,25.5167,288.57,84,7,1.34,RO,Mon Jul 29 00:20:45 2024
202,lubang,13.8584,120.124,301.69,74,100,5.48,PH,Mon Jul 29 00:20:46 2024
203,paraiso,9.8383,-83.8656,293.63,100,100,2.68,CR,Mon Jul 29 00:20:47 2024
204,guaiba,-30.1139,-51.325,287.1,93,100,6.66,BR,Mon Jul 29 00:20:48 2024
205,cradock,-32.1642,25.6192,274.33,75,21,1.91,ZA,Mon Jul 29 00:20:49 2024
206,vilyuchinsk,52.9306,158.4028,285.3,88,100,2.1,RU,Mon Jul 29 00:20:50 2024
207,arraial do cabo,-22.9661,-42.0278,295.33,91,1,8.93,BR,Mon Jul 29 00:20:52 2024
208,talnakh,69.4865,88.3972,298.96,38,24,1.88,RU,Mon Jul 29 00:20:53 2024
209,natal,-5.795,-35.2094,297.51,94,40,3.6,BR,Mon Jul 29 00:20:54 2024
210,brigantine,39.4101,-74.3646,297.05,83,0,1.79,US,Mon Jul 29 00:20:56 2024
211,usogorsk,63.4106,48.6872,287.32,96,100,2.55,RU,Mon Jul 29 00:19:13 2024
212,queenstown,-31.8976,26.8753,273.19,68,4,2.97,ZA,Mon Jul 29 00:20:59 2024
213,richards bay,-28.783,32.0377,291.45,49,95,4.38,ZA,Mon Jul 29 00:21:00 2024
214,kismayo,-0.3582,42.5454,298.04,82,9,5.21,SO,Mon Jul 29 00:21:01 2024
215,rikaze,29.25,88.8833,293.06,28,1,0.9,CN,Mon Jul 29 00:21:02 2024
216,tura,25.5198,90.2201,303.47,73,100,2.64,IN,Mon Jul 29 00:21:04 2024
217,howrah,22.5892,88.3103,305.15,79,40,3.6,IN,Mon Jul 29 00:21:06 2024
218,bodo,67.28,14.405,286.17,94,40,3.09,NO,Mon Jul 29 00:21:07 2024
219,qamdo,31.1667,97.2333,286.95,49,79,2.96,CN,Mon Jul 29 00:21:08 2024
220,afaahiti,-17.75,-149.2833,299.08,82,0,8.91,PF,Mon Jul 29 00:21:09 2024
221,konstantinovka,49.6167,127.9833,298.11,80,96,3.17,RU,Mon Jul 29 00:21:10 2024
222,benjamin aceval,-24.9667,-57.5667,292.37,96,69,3.39,PY,Mon Jul 29 00:21:11 2024
223,great bend,38.3645,-98.7648,303.22,48,0,7.2,US,Mon Jul 29 00:21:12 2024
224,kalmunai,7.4167,81.8167,306.08,46,100,4.64,LK,Mon Jul 29 00:21:13 2024
225,nova sintra,14.8667,-24.7167,298.35,79,92,6.42,CV,Mon Jul 29 00:21:14 2024
226,bandarbeyla,9.4942,50.8122,300.11,68,84,11.76,SO,Mon Jul 29 00:21:16 2024
227,balnearia,-31.0088,-62.6673,281.6,47,80,4.34,AR,Mon Jul 29 00:21:17 2024
228,al artawiyah,26.5053,45.3444,304.96,18,100,4.31,SA,Mon Jul 29 00:21:18 2024
229,sidi merouane,36.5206,6.2611,295.86,32,0,0.59,DZ,Mon Jul 29 00:21:19 2024
230,yucca valley,34.1142,-116.4322,301.45,27,0,1.79,US,Mon Jul 29 00:21:20 2024
231,motygino,58.1831,94.7592,302.17,40,5,3.09,RU,Mon Jul 29 00:21:21 2024
232,i-n-salah,27.1935,2.4607,308.6,14,0,9.94,DZ,Mon Jul 29 00:21:22 2024
233,alice springs,-23.7,133.8833,288.9,27,0,6.69,AU,Mon Jul 29 00:21:23 2024
234,brisas de zicatela,15.8369,-97.0419,300.15,85,100,2.14,MX,Mon Jul 29 00:21:24 2024
235,fort mcmurray,56.7268,-111.381,295.88,60,0,3.6,CA,Mon Jul 29 00:21:25 2024
236,vorgashor,67.5833,63.95,292.71,69,86,5.28,RU,Mon Jul 29 00:21:14 2024
237,ibimirim,-8.5406,-37.6903,291.4,93,10,2.49,BR,Mon Jul 29 00:21:28 2024
238,holualoa,19.6228,-155.9522,298.06,81,100,2.57,US,Mon Jul 29 00:21:29 2024
239,cabedelo,-6.9811,-34.8339,296.52,88,13,5.53,BR,Mon Jul 29 00:21:30 2024
240,kruisfontein,-34.0033,24.7314,281.42,66,83,5.28,ZA,Mon Jul 29 00:21:31 2024
241,malanje,-9.5402,16.341,287.44,77,91,0.05,AO,Mon Jul 29 00:21:32 2024
242,punta cardon,11.6581,-70.215,299.98,85,50,12.79,VE,Mon Jul 29 00:21:33 2024
243,sol'-iletsk,51.1631,54.9918,293.94,43,25,2.46,RU,Mon Jul 29 00:21:34 2024
244,taroa,8.7058,171.2275,298.18,92,100,6.27,MH,Mon Jul 29 00:21:35 2024
245,kiunga,-6.1219,141.2906,299.78,83,98,0.99,PG,Mon Jul 29 00:21:36 2024
246,ouallam,14.3188,2.0866,299.65,77,98,4.31,NE,Mon Jul 29 00:21:37 2024
247,port shepstone,-30.7414,30.455,285.89,47,20,6.86,ZA,Mon Jul 29 00:21:38 2024
248,kailua-kona,19.6406,-155.9956,300.13,82,100,2.57,US,Mon Jul 29 00:21:40 2024
249,korla,41.7597,86.1469,309.15,16,85,2.93,CN,Mon Jul 29 00:21:41 2024
250,ndende,-2.4008,11.3581,291.77,91,88,0.98,GA,Mon Jul 29 00:21:42 2024
251,kingston,17.997,-76.7936,302.68,74,20,1.54,JM,Mon Jul 29 00:21:43 2024
252,ugoofaaru,5.6667,73.0,301.08,82,100,7.48,MV,Mon Jul 29 00:21:44 2024
253,chichawatni,30.5333,72.7,312.76,39,38,4.28,PK,Mon Jul 29 00:21:45 2024
254,hennebont,47.8051,-3.2734,290.84,81,0,4.12,FR,Mon Jul 29 00:21:46 2024
255,taghazout,30.5426,-9.7112,293.58,91,45,0.57,MA,Mon Jul 29 00:21:47 2024
256,moscow,55.7522,37.6156,291.3,69,87,3.33,RU,Mon Jul 29 00:17:51 2024
257,puerto baquerizo moreno,-0.9,-89.6,292.97,84,56,4.44,EC,Mon Jul 29 00:21:50 2024
258,lesosibirsk,58.2358,92.4828,302.52,46,30,3.78,RU,Mon Jul 29 00:21:51 2024
259,rio grande,-32.035,-52.0986,283.68,73,100,8.87,BR,Mon Jul 29 00:21:52 2024
260,kresttsy,58.2452,32.5165,289.26,93,100,4.0,RU,Mon Jul 29 00:21:53 2024
261,jinchang,38.4953,102.1739,300.04,30,100,7.01,CN,Mon Jul 29 00:21:54 2024
262,pimentel,-6.8367,-79.9342,290.31,82,0,4.63,PE,Mon Jul 29 00:21:55 2024
263,abaetetuba,-1.7181,-48.8825,297.78,82,31,2.48,BR,Mon Jul 29 00:21:56 2024
264,mata-utu,-13.2816,-176.1745,298.69,58,11,9.92,WF,Mon Jul 29 00:21:57 2024
265,ad dilam,23.9915,47.1627,306.38,15,100,3.6,SA,Mon Jul 29 00:21:58 2024
266,qaqortoq,60.7167,-46.0333,277.29,85,20,1.37,GL,Mon Jul 29 00:21:59 2024
267,zheleznodorozhnyy,55.7503,38.0042,291.29,85,85,3.34,RU,Mon Jul 29 00:22:00 2024
268,aripuana,-9.1667,-60.6333,295.52,48,3,1.22,BR,Mon Jul 29 00:22:01 2024
269,ketchikan,55.3422,-131.6461,289.41,82,75,0.0,US,Mon Jul 29 00:22:02 2024
270,ust-nera,64.5667,143.2,295.66,36,100,2.91,RU,Mon Jul 29 00:22:04 2024
271,lerwick,60.1545,-1.1494,287.15,86,100,7.08,GB,Mon Jul 29 00:22:05 2024
272,maua,-23.6678,-46.4614,292.79,62,0,2.07,BR,Mon Jul 29 00:22:06 2024
273,rodolfo sanchez taboada,31.7167,-116.5667,292.65,70,9,1.34,MX,Mon Jul 29 00:22:07 2024
274,brookings,44.3114,-96.7984,296.15,93,75,2.06,US,Mon Jul 29 00:22:08 2024
275,planaltina,-15.4528,-47.6142,290.97,52,0,1.78,BR,Mon Jul 29 00:19:56 2024
276,salta,-24.7859,-65.4117,286.48,68,100,4.12,AR,Mon Jul 29 00:22:10 2024
277,kokpekty,48.75,82.4,302.09,27,27,3.14,KZ,Mon Jul 29 00:22:11 2024
278,ilhabela,-23.7781,-45.3581,294.2,64,29,0.81,BR,Mon Jul 29 00:22:12 2024
279,roi et,15.75,103.75,301.18,91,100,5.94,TH,Mon Jul 29 00:22:13 2024
280,tromso,69.6496,18.957,284.16,93,75,0.51,NO,Mon Jul 29 00:22:15 2024
281,devoto,-31.4043,-62.3063,280.64,46,19,3.77,AR,Mon Jul 29 00:21:20 2024
282,bechar,31.6167,-2.2167,306.33,11,11,6.17,DZ,Mon Jul 29 00:22:17 2024
283,zakamensk,50.3741,103.2863,300.45,40,71,1.02,RU,Mon Jul 29 00:22:18 2024
284,an nuhud,12.7,28.4333,298.21,73,72,5.56,SD,Mon Jul 29 00:22:19 2024
285,sangkhla buri,15.1555,98.4536,296.61,99,100,0.37,TH,Mon Jul 29 00:22:20 2024
286,kijang,35.2442,129.2139,305.0,60,1,6.02,KR,Mon Jul 29 00:22:21 2024
287,patong,7.8961,98.2966,303.16,88,100,3.47,TH,Mon Jul 29 00:22:22 2024
288,ilulissat,69.2167,-51.1,280.16,76,100,6.17,GL,Mon Jul 29 00:22:23 2024
289,capitao poco,-1.7464,-47.0594,295.31,93,3,2.32,BR,Mon Jul 29 00:22:24 2024
290,usinsk,65.9939,57.5281,290.52,81,100,4.12,RU,Mon Jul 29 00:22:25 2024
291,felipe carrillo puerto,19.5833,-88.05,297.51,99,100,0.95,MX,Mon Jul 29 00:14:00 2024
292,tarhuna,32.435,13.6332,293.51,81,0,1.78,LY,Mon Jul 29 00:22:28 2024
293,angra do heroismo,38.65,-27.2167,297.66,98,75,0.89,PT,Mon Jul 29 00:22:29 2024
294,mersing,2.4312,103.8405,304.1,74,40,6.17,MY,Mon Jul 29 00:22:30 2024
295,progreso,21.2833,-89.6667,301.54,87,66,4.42,MX,Mon Jul 29 00:22:31 2024
296,mont-dore,-22.2833,166.5833,299.14,99,62,2.17,NC,Mon Jul 29 00:22:32 2024
297,svoge,42.9667,23.35,295.29,51,0,1.15,BG,Mon Jul 29 00:22:33 2024
298,wynyard,-41.0,145.7167,281.46,58,8,1.66,AU,Mon Jul 29 00:22:34 2024
299,balakhta,55.38,91.6,298.3,73,100,1.43,RU,Mon Jul 29 00:22:35 2024
300,neryungri,56.6709,124.6491,301.36,46,56,0.51,RU,Mon Jul 29 00:22:36 2024
301,arno,60.1167,18.6333,289.7,74,100,9.22,SE,Mon Jul 29 00:22:37 2024
302,saqqez,36.2499,46.2735,292.98,64,1,1.89,IR,Mon Jul 29 00:22:38 2024
303,fayroz koh,34.5195,65.2509,295.48,25,0,1.96,AF,Mon Jul 29 00:22:39 2024
304,corry,41.9203,-79.6403,293.6,86,0,1.28,US,Mon Jul 29 00:22:34 2024
305,ouadda,8.0777,22.4007,293.46,98,100,1.65,CF,Mon Jul 29 00:22:42 2024
306,miles city,46.4083,-105.8406,295.69,43,0,3.09,US,Mon Jul 29 00:22:43 2024
307,choibalsan,48.0667,114.5,301.72,47,15,4.25,MN,Mon Jul 29 00:22:44 2024
308,katabu,-4.9333,122.5167,302.1,71,54,3.86,ID,Mon Jul 29 00:22:45 2024
309,island harbour,50.724,-1.2758,289.38,70,2,2.24,GB,Mon Jul 29 00:22:46 2024
310,santa ana,33.7456,-117.8678,297.18,62,0,3.09,US,Mon Jul 29 00:22:47 2024
311,new mirpur,33.1418,73.7674,299.89,90,100,0.71,PK,Mon Jul 29 00:22:48 2024
312,nongpoh,25.9,91.8833,301.36,81,98,1.29,IN,Mon Jul 29 00:22:49 2024
313,podporozh'ye,60.9112,34.1706,290.74,86,18,2.17,RU,Mon Jul 29 00:22:50 2024
314,vredendal,-31.6683,18.5012,281.29,82,46,0.5,ZA,Mon Jul 29 00:22:51 2024
315,bubaque,11.2833,-15.8333,299.59,83,100,3.0,GW,Mon Jul 29 00:22:53 2024
316,guardo,42.7897,-4.8482,293.47,47,97,2.1,ES,Mon Jul 29 00:22:54 2024
317,port saint john's,-31.6229,29.5448,287.49,36,0,8.23,ZA,Mon Jul 29 00:22:55 2024
318,gore,-46.1028,168.9436,280.56,97,100,5.12,NZ,Mon Jul 29 00:22:56 2024
319,yerofey pavlovich,53.9667,121.9667,306.02,27,86,2.24,RU,Mon Jul 29 00:22:57 2024
320,magadan,59.5667,150.8,288.58,64,3,3.93,RU,Mon Jul 29 00:22:58 2024
321,abalak,58.1286,68.5944,289.37,70,60,2.81,RU,Mon Jul 29 00:22:59 2024
322,adh dhibiyah,24.5014,45.9686,304.97,16,100,4.55,SA,Mon Jul 29 00:23:00 2024
323,elizabeth city,36.2946,-76.2511,294.83,89,0,1.54,US,Mon Jul 29 00:23:01 2024
324,sawakin,19.1059,37.3321,306.58,44,97,11.29,SD,Mon Jul 29 00:23:02 2024
325,chopinzinho,-25.8558,-52.5233,288.35,92,75,3.42,BR,Mon Jul 29 00:23:03 2024
326,lethem,3.3803,-59.7968,297.42,89,75,2.43,GY,Mon Jul 29 00:23:05 2024
327,bashmakovo,53.2133,43.0342,293.64,68,100,3.43,RU,Mon Jul 29 00:23:07 2024
328,kerikeri,-35.2268,173.9474,288.66,91,100,4.47,NZ,Mon Jul 29 00:23:08 2024
329,gadzhiyevo,69.2551,33.3362,283.62,83,97,4.89,RU,Mon Jul 29 00:23:09 2024
330,urzhar,47.093,81.6294,305.6,29,6,2.96,KZ,Mon Jul 29 00:23:10 2024
331,alice,27.7523,-98.0697,301.0,94,0,4.63,US,Mon Jul 29 00:23:11 2024
332,port moresby,-9.4431,147.1797,302.83,62,20,7.72,PG,Mon Jul 29 00:22:02 2024
333,mukalla,14.5425,49.1242,305.33,53,100,2.52,YE,Mon Jul 29 00:23:13 2024
334,west end,26.6833,-78.9667,301.14,69,82,2.13,BS,Mon Jul 29 00:23:14 2024
335,veraval,20.9,70.3667,299.63,93,100,6.31,IN,Mon Jul 29 00:23:15 2024
336,slave lake,55.2834,-114.769,294.14,68,75,2.57,CA,Mon Jul 29 00:23:16 2024
337,pathein,16.7833,94.7333,299.38,90,100,1.75,MM,Mon Jul 29 00:23:18 2024
338,hamilton,39.1834,-84.5333,297.07,93,75,3.6,US,Mon Jul 29 00:23:19 2024
339,sao jose da coroa grande,-8.8978,-35.1478,297.12,87,0,3.83,BR,Mon Jul 29 00:23:21 2024
340,guarapari,-20.6667,-40.4975,296.42,86,0,4.93,BR,Mon Jul 29 00:23:22 2024
341,ikwiriri,-7.9562,38.9716,292.81,96,40,0.89,TZ,Mon Jul 29 00:23:23 2024
342,las tablas,7.7667,-80.2833,299.36,99,97,1.71,PA,Mon Jul 29 00:23:24 2024
343,tuy hoa,13.0833,109.3,308.14,44,100,5.29,VN,Mon Jul 29 00:23:25 2024
344,mirny,62.5353,113.9611,297.01,52,6,4.64,RU,Mon Jul 29 00:23:26 2024
345,mantua,45.1667,10.7833,297.73,90,99,0.89,IT,Mon Jul 29 00:23:27 2024
346,tarawa,1.419,172.984,304.2,66,20,2.57,KI,Mon Jul 29 00:23:28 2024
347,tazovsky,67.4667,78.7,292.23,58,3,5.58,RU,Mon Jul 29 00:23:29 2024
348,mulayjah,27.271,48.4242,309.3,13,100,8.18,SA,Mon Jul 29 00:23:31 2024
349,villa bruzual,9.3328,-69.1208,295.29,97,88,1.02,VE,Mon Jul 29 00:23:32 2024
350,chibougamau,49.9168,-74.3659,292.94,64,0,3.6,CA,Mon Jul 29 00:23:33 2024
351,zholymbet,51.7433,71.7122,295.16,44,18,5.55,KZ,Mon Jul 29 00:23:34 2024
352,tchintabaraden,15.8969,5.7985,300.93,64,34,6.56,NE,Mon Jul 29 00:23:35 2024
353,mil'kovo,55.6078,37.7956,291.28,69,91,3.59,RU,Mon Jul 29 00:23:36 2024
354,basco,20.4487,121.9702,302.0,73,54,3.4,PH,Mon Jul 29 00:23:37 2024
355,arkhangel'sk,64.5401,40.5433,286.21,100,75,4.0,RU,Mon Jul 29 00:23:38 2024
356,iringa,-7.7667,35.7,283.06,63,3,2.29,TZ,Mon Jul 29 00:23:39 2024
357,suhbaatar,50.2314,106.2078,299.82,56,82,2.39,MN,Mon Jul 29 00:23:40 2024
358,nagqu,31.5,92.0,285.55,37,0,3.0,CN,Mon Jul 29 00:23:41 2024
359,niafunke,15.9322,-3.9906,300.11,65,92,7.59,ML,Mon Jul 29 00:23:43 2024
360,mundybash,53.211,87.2983,295.33,84,100,2.16,RU,Mon Jul 29 00:23:44 2024
361,songjiang,31.036,121.2146,308.13,61,0,6.37,CN,Mon Jul 29 00:23:45 2024
362,lhasa,29.65,91.1,292.9,34,1,2.69,CN,Mon Jul 29 00:23:46 2024
363,san isidro de curuguaty,-24.5167,-55.7,294.07,70,100,2.46,PY,Mon Jul 29 00:23:47 2024
364,weno,7.4515,151.8468,301.99,75,73,3.19,FM,Mon Jul 29 00:23:48 2024
365,thap than,15.4606,99.8917,306.4,67,100,1.66,TH,Mon Jul 29 00:23:49 2024
366,colonia menno,-22.3667,-59.8167,294.87,73,63,6.08,PY,Mon Jul 29 00:23:50 2024
367,fale old settlement,-9.3852,-171.2468,300.37,77,98,8.08,TK,Mon Jul 29 00:23:52 2024
368,la asuncion,11.0333,-63.8628,294.0,100,2,5.66,VE,Mon Jul 29 00:19:13 2024
369,aykhal,66.0,111.5,288.28,69,98,7.51,RU,Mon Jul 29 00:23:55 2024
370,floro,61.5996,5.0328,287.13,77,100,4.12,NO,Mon Jul 29 00:23:56 2024
371,hede,33.7681,120.2517,306.48,63,0,5.03,CN,Mon Jul 29 00:23:57 2024
372,sarikei,2.1167,111.5167,308.59,45,11,1.24,MY,Mon Jul 29 00:23:58 2024
373,haiku-pauwela,20.9219,-156.3051,299.94,68,20,10.8,US,Mon Jul 29 00:23:59 2024
374,serhiyivka,46.0272,30.3768,296.58,54,0,4.59,UA,Mon Jul 29 00:24:00 2024
375,samfya,-11.3649,29.5565,285.3,34,0,2.14,ZM,Mon Jul 29 00:24:01 2024
376,tanumah,27.1,44.1333,303.72,18,100,7.1,SA,Mon Jul 29 00:24:02 2024
377,rizhao,35.4275,119.4553,304.16,76,54,3.27,CN,Mon Jul 29 00:24:03 2024
378,alofi,-19.0595,-169.9187,295.09,60,75,7.72,NU,Mon Jul 29 00:24:04 2024
379,caleta de carquin,-11.0925,-77.6267,289.64,85,4,4.03,PE,Mon Jul 29 00:24:05 2024
380,macheng,31.1783,115.0319,306.02,62,0,7.02,CN,Mon Jul 29 00:24:06 2024
381,kapit,2.0167,112.9333,308.08,47,14,0.2,MY,Mon Jul 29 00:24:08 2024
382,san pedro pochutla,15.7333,-96.4667,299.1,93,100,1.85,MX,Mon Jul 29 00:24:09 2024
383,qarauyl,48.9451,79.255,297.62,42,46,1.42,KZ,Mon Jul 29 00:24:10 2024
384,lorengau,-2.0226,147.2712,302.06,71,51,3.97,PG,Mon Jul 29 00:24:11 2024
385,lancut,50.0687,22.2291,285.96,88,0,4.63,PL,Mon Jul 29 00:24:12 2024
386,saint-pierre,-21.3393,55.4781,295.69,56,0,3.6,RE,Mon Jul 29 00:24:13 2024
387,hargeysa,9.56,44.065,295.11,67,94,9.3,SO,Mon Jul 29 00:24:14 2024
388,college,64.8569,-147.8028,291.14,70,75,3.09,US,Mon Jul 29 00:24:15 2024
389,peace river,56.2501,-117.286,292.32,82,75,2.06,CA,Mon Jul 29 00:24:16 2024
390,razole,16.4833,81.8333,303.71,66,93,4.09,IN,Mon Jul 29 00:24:17 2024
391,sao bento do sul,-26.2503,-49.3786,287.73,95,100,0.71,BR,Mon Jul 29 00:24:18 2024
392,cannonvale,-20.2833,148.7,293.48,43,5,7.91,AU,Mon Jul 29 00:24:19 2024
393,oneida,43.2001,-75.4663,292.56,85,0,0.0,US,Mon Jul 29 00:24:20 2024
394,mount gambier,-37.8333,140.7667,286.03,52,54,2.37,AU,Mon Jul 29 00:24:22 2024
395,neiafu,-18.65,-173.9833,296.53,60,20,7.2,TO,Mon Jul 29 00:24:23 2024
396,palmerston north,-40.35,175.6167,286.9,77,100,3.64,NZ,Mon Jul 29 00:24:24 2024
397,al hufuf,25.3646,49.5653,308.34,15,0,6.17,SA,Mon Jul 29 00:24:25 2024
398,kushiro,42.975,144.3747,292.68,100,75,1.54,JP,Mon Jul 29 00:24:26 2024
399,nishifukuma,33.7667,130.4667,308.89,76,1,6.64,JP,Mon Jul 29 00:24:27 2024
400,cruz del eje,-30.7264,-64.8039,284.87,39,100,6.84,AR,Mon Jul 29 00:24:29 2024
401,jayapura,-2.5333,140.7,305.81,68,28,2.71,ID,Mon Jul 29 00:24:30 2024
402,talara,-4.5772,-81.2719,290.57,89,21,5.04,PE,Mon Jul 29 00:24:31 2024
403,ohara,35.25,140.3833,301.55,78,100,2.89,JP,Mon Jul 29 00:24:34 2024
404,alenquer,-1.9417,-54.7383,298.51,60,40,1.03,BR,Mon Jul 29 00:24:35 2024
405,alesund,62.4723,6.1549,286.53,74,44,2.31,NO,Mon Jul 29 00:24:36 2024
406,northam,51.0333,-4.2167,283.29,82,4,2.46,GB,Mon Jul 29 00:24:37 2024
407,inhambane,-23.865,35.3833,291.14,94,20,0.0,MZ,Mon Jul 29 00:24:38 2024
408,illizi,26.4833,8.4667,303.04,21,4,4.85,DZ,Mon Jul 29 00:24:39 2024
409,waingapu,-9.6567,120.2641,302.58,67,29,6.48,ID,Mon Jul 29 00:24:40 2024
410,tralee,52.2704,-9.7026,286.0,89,99,1.74,IE,Mon Jul 29 00:24:41 2024
411,westport,41.1415,-73.3579,296.24,78,75,1.54,US,Mon Jul 29 00:24:42 2024
412,bengkulu,-3.8004,102.2655,302.45,68,41,3.3,ID,Mon Jul 29 00:24:43 2024
413,la ronge,55.1001,-105.2842,291.29,77,75,1.54,CA,Mon Jul 29 00:24:44 2024
414,tafresh,34.692,50.013,295.89,50,32,4.27,IR,Mon Jul 29 00:24:45 2024
415,keflavik,64.0049,-22.5624,285.39,100,100,5.14,IS,Mon Jul 29 00:24:46 2024
416,cambria,35.5641,-121.0808,289.35,94,36,2.4,US,Mon Jul 29 00:24:48 2024
417,zeya,53.75,127.2667,304.0,45,0,1.3,RU,Mon Jul 29 00:24:49 2024
418,sanya,18.2431,109.505,304.24,74,40,2.0,CN,Mon Jul 29 00:24:50 2024
419,cove,7.221,2.3402,295.32,91,100,1.88,BJ,Mon Jul 29 00:24:51 2024
420,sai buri,6.7013,101.6168,302.57,82,100,1.65,TH,Mon Jul 29 00:24:52 2024
421,aljezur,37.3191,-8.8033,294.84,74,46,1.42,PT,Mon Jul 29 00:24:54 2024
422,copala,16.65,-98.9833,299.98,81,76,0.34,MX,Mon Jul 29 00:24:55 2024
423,ash shafa,21.0694,40.3119,293.48,27,100,1.75,SA,Mon Jul 29 00:24:56 2024
424,ifanadiana,-21.3,47.6333,288.33,81,1,1.5,MG,Mon Jul 29 00:24:57 2024
425,portland,45.5234,-122.6762,294.78,69,31,0.89,US,Mon Jul 29 00:21:37 2024
426,mhamid,29.82,-5.72,303.9,14,6,1.96,MA,Mon Jul 29 00:25:00 2024
427,rongelap,11.1635,166.8941,301.53,73,43,4.55,MH,Mon Jul 29 00:25:01 2024
428,vernon,50.2581,-119.2691,297.89,41,79,2.57,CA,Mon Jul 29 00:25:02 2024
429,almeirim,-1.5233,-52.5817,297.02,77,29,1.53,BR,Mon Jul 29 00:25:03 2024
430,smithers,54.7804,-127.1743,287.33,100,100,2.06,CA,Mon Jul 29 00:25:04 2024
431,nadi,-17.8,177.4167,299.15,53,40,3.6,FJ,Mon Jul 29 00:25:05 2024
432,eastham,41.8301,-69.9739,291.45,96,100,5.36,US,Mon Jul 29 00:25:07 2024
433,ovalle,-30.5983,-71.2003,287.0,56,3,0.44,CL,Mon Jul 29 00:24:45 2024
434,jefferson city,38.5767,-92.1735,299.14,89,0,2.57,US,Mon Jul 29 00:21:57 2024
435,kollo,13.3043,2.339,298.39,77,100,3.47,NE,Mon Jul 29 00:25:10 2024
436,forio,40.7342,13.8646,300.11,86,23,2.6,IT,Mon Jul 29 00:25:11 2024
437,turpan,42.9333,89.1667,316.19,11,28,3.53,CN,Mon Jul 29 00:25:13 2024
438,pagar alam,-4.0167,103.2667,302.4,52,82,1.59,ID,Mon Jul 29 00:25:14 2024
439,belyy yar,53.6039,91.3903,301.09,65,20,4.0,RU,Mon Jul 29 00:25:15 2024
440,tidjikja,18.5564,-11.4271,304.05,38,5,5.88,MR,Mon Jul 29 00:25:16 2024
441,port macquarie,-31.4333,152.9167,289.2,46,74,2.24,AU,Mon Jul 29 00:25:17 2024
442,port douglas,-16.4833,145.4667,296.14,72,87,7.66,AU,Mon Jul 29 00:25:18 2024
443,corner brook,48.9667,-57.9484,292.24,94,3,2.89,CA,Mon Jul 29 00:21:18 2024
444,taos,36.4072,-105.5731,292.37,34,0,4.12,US,Mon Jul 29 00:25:20 2024
445,mary,37.0,62.5,307.55,17,1,7.15,TM,Mon Jul 29 00:25:21 2024
446,az zawr,29.4425,48.2747,310.34,40,91,10.4,KW,Mon Jul 29 00:25:22 2024
447,malpica,43.3228,-8.8105,292.58,99,80,3.67,ES,Mon Jul 29 00:25:23 2024
448,uglegorsk,49.0833,142.0333,290.8,98,100,3.72,RU,Mon Jul 29 00:25:24 2024
449,warri,5.5167,5.75,296.71,93,100,2.0,NG,Mon Jul 29 00:25:25 2024
450,demidov,55.2706,31.515,285.43,90,91,6.09,RU,Mon Jul 29 00:25:27 2024
451,sa'dah,16.9402,43.7639,295.58,64,100,1.96,YE,Mon Jul 29 00:25:28 2024
452,kuantan,3.8077,103.326,303.21,70,20,1.54,MY,Mon Jul 29 00:25:29 2024
453,cholet,47.1667,-1.0,292.18,77,37,4.28,FR,Mon Jul 29 00:25:30 2024
454,ndibene dahra,15.3338,-15.4766,298.5,76,59,3.62,SN,Mon Jul 29 00:25:31 2024
455,soio,-6.1349,12.3689,293.26,86,79,1.69,AO,Mon Jul 29 00:25:32 2024
456,ambodifotatra,-16.9833,49.85,293.4,82,0,3.21,MG,Mon Jul 29 00:25:34 2024
457,phalodi,27.1333,72.3667,308.05,54,100,3.57,IN,Mon Jul 29 00:25:35 2024
458,abepura,-2.6333,140.5833,305.6,58,20,2.06,ID,Mon Jul 29 00:25:36 2024
459,urengoy,65.9667,78.3667,298.6,49,84,7.01,RU,Mon Jul 29 00:25:37 2024
460,labytnangi,66.6572,66.4183,290.41,82,100,8.4,RU,Mon Jul 29 00:25:38 2024
461,carauari,-4.8828,-66.8958,298.74,64,75,0.77,BR,Mon Jul 29 00:25:39 2024
462,margarita belen,-27.2616,-58.9722,287.12,92,100,5.4,AR,Mon Jul 29 00:25:41 2024
463,cidreira,-30.1811,-50.2056,288.3,98,100,6.78,BR,Mon Jul 29 00:25:42 2024
464,troitskoye,52.9821,84.6757,297.85,61,52,2.32,RU,Mon Jul 29 00:25:43 2024
465,kapa'a,22.0752,-159.319,299.33,75,100,6.69,US,Mon Jul 29 00:25:44 2024
466,khovd,48.0056,91.6419,301.48,26,81,1.9,MN,Mon Jul 29 00:25:45 2024
467,okhotsk,59.3833,143.3,289.79,63,10,4.29,RU,Mon Jul 29 00:25:46 2024
468,kharp,66.8014,65.8081,291.2,77,100,6.17,RU,Mon Jul 29 00:25:47 2024
469,tarashcha,49.5583,30.4926,289.15,72,59,5.77,UA,Mon Jul 29 00:25:48 2024
470,manaure,11.7751,-72.4445,300.3,76,3,6.51,CO,Mon Jul 29 00:25:49 2024
471,nakamura,32.9833,132.9333,309.53,36,95,4.01,JP,Mon Jul 29 00:25:50 2024
472,bogandinskiy,56.8937,65.8938,288.3,73,100,3.16,RU,Mon Jul 29 00:25:51 2024
473,saint-joseph,-21.3667,55.6167,295.08,68,5,1.7,RE,Mon Jul 29 00:25:52 2024
474,tabou,4.423,-7.3528,297.25,88,99,5.38,CI,Mon Jul 29 00:25:54 2024
475,esmoriz,40.9577,-8.6275,294.21,80,47,2.1,PT,Mon Jul 29 00:25:55 2024
476,leava,-14.3,-178.1667,298.55,57,12,9.88,WF,Mon Jul 29 00:25:56 2024
477,curanilahue,-37.4667,-73.35,275.99,51,1,1.66,CL,Mon Jul 29 00:25:57 2024
478,mammoth lakes,37.6485,-118.9721,288.29,37,0,2.06,US,Mon Jul 29 00:25:58 2024
479,jacarei,-23.3053,-45.9658,289.96,60,0,0.35,BR,Mon Jul 29 00:25:59 2024
480,argos,37.6333,22.7333,299.14,42,0,2.1,GR,Mon Jul 29 00:26:00 2024
481,namibe,-15.1961,12.1522,288.53,89,28,2.58,AO,Mon Jul 29 00:26:01 2024
482,menomonie,44.8755,-91.9193,295.78,100,75,2.57,US,Mon Jul 29 00:26:02 2024
483,quezon,7.7303,125.0989,302.67,68,93,1.44,PH,Mon Jul 29 00:26:03 2024
484,keelung,25.1283,121.7419,307.09,71,38,7.62,TW,Mon Jul 29 00:26:04 2024
485,la gi,10.6667,107.7833,302.03,74,100,4.11,VN,Mon Jul 29 00:26:05 2024
486,karratha,-20.7377,116.8463,299.89,18,1,5.89,AU,Mon Jul 29 00:26:06 2024
487,crane,31.3974,-102.3501,301.71,48,0,10.56,US,Mon Jul 29 00:26:07 2024
488,armacao de buzios,-22.7469,-41.8817,295.18,94,0,7.35,BR,Mon Jul 29 00:21:58 2024
489,nuku'alofa,-21.1333,-175.2,295.34,60,20,5.66,TO,Mon Jul 29 00:26:10 2024
490,sombrerete,23.6333,-103.65,291.03,58,74,2.03,MX,Mon Jul 29 00:26:11 2024
491,lauttasaari,60.1594,24.8753,292.59,78,0,8.94,FI,Mon Jul 29 00:26:12 2024
492,rufino,-34.2683,-62.7126,277.93,41,48,3.29,AR,Mon Jul 29 00:26:13 2024
493,guanica,17.9716,-66.908,300.03,69,100,3.16,PR,Mon Jul 29 00:26:14 2024
494,yorkton,51.2167,-102.4677,292.06,72,0,2.57,CA,Mon Jul 29 00:21:40 2024
495,funafuti,-8.5243,179.1942,303.15,74,75,8.23,TV,Mon Jul 29 00:26:16 2024
496,okha,53.5739,142.9478,285.09,90,100,6.92,RU,Mon Jul 29 00:26:17 2024
497,walvis bay,-22.9575,14.5053,282.09,100,0,3.6,NA,Mon Jul 29 00:26:18 2024
498,chajari,-30.7505,-57.9796,284.45,60,100,5.2,AR,Mon Jul 29 00:26:19 2024
499,burang,30.25,81.1667,289.65,56,12,0.86,CN,Mon Jul 29 00:26:20 2024
500,sisimiut,66.9395,-53.6735,276.57,96,100,16.15,GL,Mon Jul 29 00:26:22 2024
501,sao paulo de olivenca,-3.3783,-68.8725,297.62,75,39,0.82,BR,Mon Jul 29 00:26:23 2024
502,ciudad del este,-25.5167,-54.6167,291.49,94,100,4.12,PY,Mon Jul 29 00:26:25 2024
503,bardai,11.65,7.2333,293.2,96,100,4.67,NG,Mon Jul 29 00:26:27 2024
504,xiva,41.3783,60.3639,298.14,19,96,7.8,UZ,Mon Jul 29 00:26:28 2024
505,xai-xai,-25.0519,33.6442,293.51,72,75,7.59,MZ,Mon Jul 29 00:26:29 2024
506,gisborne,-38.6533,178.0042,286.82,72,100,3.41,NZ,Mon Jul 29 00:26:30 2024
507,santa vitoria do palmar,-33.5189,-53.3681,280.57,72,33,3.78,BR,Mon Jul 29 00:26:31 2024
508,laojunmiao,39.8333,97.7333,300.13,23,0,6.65,CN,Mon Jul 29 00:26:33 2024
509,kerimaki,61.9167,29.2833,291.12,94,0,2.57,FI,Mon Jul 29 00:26:34 2024
510,trevelin,-43.0858,-71.4639,269.86,85,39,1.35,AR,Mon Jul 29 00:26:35 2024
511,moyynkum,44.2914,72.9469,305.92,18,2,2.95,KZ,Mon Jul 29 00:26:36 2024
512,nisia floresta,-6.0911,-35.2086,297.6,95,33,3.16,BR,Mon Jul 29 00:26:37 2024
513,kavaratti,10.5669,72.642,301.48,83,100,10.45,IN,Mon Jul 29 00:26:38 2024
514,santo antonio do ica,-3.1022,-67.9397,298.24,77,71,0.99,BR,Mon Jul 29 00:26:39 2024
515,iwanai,42.9744,140.5089,295.94,99,100,1.65,JP,Mon Jul 29 00:26:40 2024
516,sinop,41.7711,34.8709,287.39,56,0,1.45,TR,Mon Jul 29 00:26:41 2024
517,arias,-33.6441,-62.4027,279.59,40,65,2.77,AR,Mon Jul 29 00:26:42 2024
518,cartagena del chaira,1.3349,-74.8429,294.75,99,61,0.38,CO,Mon Jul 29 00:26:43 2024
519,moose jaw,50.4001,-105.5344,291.29,72,75,2.57,CA,Mon Jul 29 00:26:44 2024
520,kapuskasing,49.4169,-82.4331,295.2,64,75,4.12,CA,Mon Jul 29 00:26:45 2024
521,dakhla,23.6848,-15.958,292.23,95,9,7.61,EH,Mon Jul 29 00:26:48 2024
522,huizhou,23.0833,114.4,302.46,80,89,4.45,CN,Mon Jul 29 00:26:49 2024
523,north bend,43.4065,-124.2243,289.96,96,35,0.53,US,Mon Jul 29 00:23:48 2024
524,tokar,18.4254,37.729,306.16,44,100,9.48,SD,Mon Jul 29 00:26:51 2024
525,canandaigua,42.8742,-77.288,293.9,81,56,2.48,US,Mon Jul 29 00:25:34 2024
526,princeville,45.7668,-61.2985,291.91,73,0,5.14,CA,Mon Jul 29 00:26:53 2024
527,caldwell,43.6629,-116.6874,299.35,40,0,1.54,US,Mon Jul 29 00:26:54 2024
528,lamu,-2.2717,40.902,297.76,85,72,6.08,KE,Mon Jul 29 00:26:55 2024
529,perols,43.5631,3.952,295.7,68,0,1.03,FR,Mon Jul 29 00:26:56 2024
530,fecamp,49.7579,0.3746,289.64,90,0,4.4,FR,Mon Jul 29 00:26:57 2024
531,panamaram,11.7404,76.0738,294.07,99,100,2.51,IN,Mon Jul 29 00:26:59 2024
532,schrozberg,49.3453,9.9794,285.51,89,21,2.1,DE,Mon Jul 29 00:27:00 2024
533,pudasjarvi,65.3833,26.9167,286.81,84,100,2.64,FI,Mon Jul 29 00:27:01 2024
534,greymouth,-42.4667,171.2,284.55,93,100,5.51,NZ,Mon Jul 29 00:27:02 2024
535,augusto correa,-1.0217,-46.635,296.48,98,0,2.77,BR,Mon Jul 29 00:27:03 2024
536,rio preto da eva,-2.6994,-59.6997,297.32,65,15,0.98,BR,Mon Jul 29 00:27:04 2024
537,itoman,26.1247,127.6694,306.36,70,40,6.69,JP,Mon Jul 29 00:27:05 2024
538,firmat,-33.4594,-61.4832,278.66,44,44,3.32,AR,Mon Jul 29 00:25:39 2024
539,quellon,-43.1167,-73.6167,277.33,79,88,2.51,CL,Mon Jul 29 00:27:07 2024
540,antalaha,-14.9003,50.2788,292.75,77,8,2.23,MG,Mon Jul 29 00:27:08 2024
541,konarka,19.9,86.1167,303.37,95,100,2.51,IN,Mon Jul 29 00:27:09 2024
542,villanueva,15.3167,-88.0,299.84,88,75,3.09,HN,Mon Jul 29 00:27:10 2024
543,dusti,37.3481,68.664,310.18,15,0,1.77,TJ,Mon Jul 29 00:27:11 2024
544,stornoway,58.2093,-6.3865,288.13,86,93,8.75,GB,Mon Jul 29 00:27:13 2024
545,tavas,37.5735,29.0706,295.3,46,0,1.49,TR,Mon Jul 29 00:27:14 2024
546,abaza,52.655,90.0928,300.32,55,81,1.86,RU,Mon Jul 29 00:27:15 2024
547,fort st. john,56.2499,-120.8529,293.09,56,75,3.6,CA,Mon Jul 29 00:27:16 2024
548,ivdel',60.6911,60.4206,286.29,93,100,1.08,RU,Mon Jul 29 00:22:26 2024
549,grand rapids,42.9634,-85.6681,297.16,90,100,1.54,US,Mon Jul 29 00:26:48 2024
550,ardestan,33.3761,52.3694,302.26,37,10,5.24,IR,Mon Jul 29 00:27:19 2024
551,mar de espanha,-21.8672,-43.0097,290.68,63,0,0.78,BR,Mon Jul 29 00:27:20 2024
552,strelka,58.0728,93.0344,302.64,45,21,3.46,RU,Mon Jul 29 00:27:21 2024
553,yarmouth,41.7057,-70.2286,291.46,95,100,7.15,US,Mon Jul 29 00:27:23 2024
554,san jeronimo,-11.9472,-75.2829,284.19,75,31,0.94,PE,Mon Jul 29 00:27:24 2024
555,puerto armuelles,8.2833,-82.8667,300.98,73,100,0.45,PA,Mon Jul 29 00:27:25 2024
556,el fasher,13.6279,25.3494,297.51,72,61,5.87,SD,Mon Jul 29 00:27:27 2024
557,xinyuan,37.3,99.0,289.62,40,42,4.73,CN,Mon Jul 29 00:27:28 2024
558,kokopo,-4.352,152.2633,301.94,71,36,3.24,PG,Mon Jul 29 00:27:29 2024
559,kybartai,54.6386,22.7632,288.27,88,100,10.99,LT,Mon Jul 29 00:27:30 2024
560,mendi,-6.1761,143.6513,290.05,88,78,1.76,PG,Mon Jul 29 00:27:32 2024
561,sinan,34.8262,126.1086,304.21,97,0,4.85,KR,Mon Jul 29 00:27:33 2024
562,key west,24.5557,-81.7826,304.15,74,100,2.57,US,Mon Jul 29 00:27:34 2024
563,birni n konni,13.7956,5.2553,297.88,80,74,4.04,NE,Mon Jul 29 00:27:35 2024
564,kill devil hills,36.0307,-75.676,295.92,78,0,0.0,US,Mon Jul 29 00:27:36 2024
565,karachi,24.9056,67.0822,304.05,74,75,2.06,PK,Mon Jul 29 00:27:37 2024
566,nogliki,51.8333,143.1667,288.75,86,100,3.86,RU,Mon Jul 29 00:27:38 2024
567,sao francisco,-15.9486,-44.8644,292.6,47,0,1.81,BR,Mon Jul 29 00:27:39 2024
568,guaimaro,21.05,-77.35,297.51,98,5,3.95,CU,Mon Jul 29 00:27:40 2024
569,karlskrona,56.1616,15.5866,286.4,76,3,6.48,SE,Mon Jul 29 00:27:41 2024
570,hassi messaoud,31.6804,6.0729,304.07,37,0,2.57,DZ,Mon Jul 29 00:27:42 2024
571,chul'man,56.8479,124.9104,300.77,49,36,0.42,RU,Mon Jul 29 00:27:44 2024
572,nacogdoches,31.6002,-94.6335,299.26,96,1,2.4,US,Mon Jul 29 00:27:45 2024
573,tobol'sk,58.2,68.2667,289.98,67,64,2.96,RU,Mon Jul 29 00:27:46 2024
574,port-vila,-17.7338,168.3219,298.93,57,40,4.12,VU,Mon Jul 29 00:27:47 2024
575,nabire,-3.3667,135.4833,302.68,69,92,2.02,ID,Mon Jul 29 00:27:48 2024
576,wanning,18.8003,110.3967,301.04,85,100,4.09,CN,Mon Jul 29 00:27:49 2024
577,yardimli,38.9206,48.2372,287.37,84,100,1.72,AZ,Mon Jul 29 00:27:50 2024
